{
  "motor_UPDRS": {
    "MAE": 7.95617070722457,
    "RMSE": 9.831620486244152,
    "R2": -0.44249500456515944
  },
  "total_UPDRS": {
    "MAE": 9.341891707048672,
    "RMSE": 11.52217509090426,
    "R2": -0.3764995281761203
  },
  "mean_RMSE": 10.676897788574205
}