y_true,y_prob,y_pred
0,0.013969833964066865,0
1,0.968479367989405,1
1,0.9446075309346508,1
0,0.0012990643216361894,0
1,0.8673640895811282,1
0,0.0844876913684337,0
1,0.8945022978419906,1
0,0.00024106701485474092,0
0,4.7505342447580485e-06,0
1,0.9607987237950982,1
0,0.0016532533069816067,0
1,0.47330143733244384,0
0,0.1430510191827481,0
